model,weight
chemprop_d4_h300_do05_s2,0.5714285714285714
ridge_fp,0.14285714285714285
chemprop_d5_h300_do10_s4,0.14285714285714285
hist_gbr,0.14285714285714285
